Label,Score
0,8.22264e-38
0,2.3663067e-33
0,9.760358e-35
0,6.9895525e-29
0,9.114853e-27
0,1.0272776e-31
0,2.1262567e-32
0,2.797251e-22
0,6.19735e-33
0,3.9657388e-32
0,2.2474053e-30
0,1.8049119e-29
0,0.0
0,1.8403125e-38
0,9.987122e-22
0,9.257506e-35
0,5.4332443e-28
0,1.0211877e-21
0,9.867568e-37
0,8.932159e-32
0,1.983898e-20
0,0.0
0,5.6063627e-33
0,9.9140246e-20
0,6.2124696e-20
0,6.1739396e-19
0,1.6731629e-25
0,3.845584e-19
0,2.223916e-32
0,3.9623604e-35
0,1.1924383e-27
0,1.06129315e-19
0,1.5197827e-38
0,1.6050942e-23
0,1.0052103e-35
0,4.3227656e-27
0,6.2399947e-28
0,1.8811698e-36
0,0.0
0,5.5262754e-31
0,0.0
0,8.313841e-19
0,1.2811123e-33
0,2.1919517e-33
0,3.2709074e-35
0,3.3364892e-35
0,4.5174928e-23
0,1.3464539e-14
0,1.6964839e-28
0,0.0
0,0.0
0,3.7915785e-38
0,5.8736445e-34
0,0.0
0,1.04559935e-22
0,1.6657057e-25
0,2.0228665e-26
0,2.0306846e-32
0,0.0
0,5.905559e-30
0,1.6621147e-38
0,5.308132e-28
0,4.6700626e-29
0,0.0
0,5.2746695e-34
0,7.4130316e-36
0,2.574168e-37
0,1.2783833e-18
0,0.0
0,9.894061e-38
0,0.0
0,1.4471863e-15
0,0.0
0,2.4619988e-24
0,1.3718712e-26
0,9.7801194e-26
0,6.4956764e-28
0,7.2644026e-12
0,1.4523138e-29
0,3.2377717e-29
0,0.0
0,3.926714e-20
0,1.4149848e-29
0,0.0
0,5.036494e-31
0,6.770979e-33
0,9.149059e-20
0,2.5301764e-27
0,4.622264e-21
0,6.9513317e-32
0,2.699853e-17
0,9.760285e-35
0,0.0
0,1.9458275e-23
0,4.0477052e-10
0,2.7603412e-22
0,6.732442e-35
0,3.3825133e-25
0,5.708371e-34
0,1.4874454e-23
0,1.266358e-30
0,5.6194107e-30
0,2.0390432e-26
0,1.1999108e-15
0,5.26881e-22
0,8.089418e-23
0,3.462019e-37
0,1.0251744e-18
0,2.3168892e-37
0,0.0
0,0.22331314
0,1.1800488e-34
0,1.7062125e-28
0,1.1829781e-27
0,3.1415822e-36
0,3.0002995e-24
0,5.6450335e-33
0,6.2060544e-26
0,3.2335642e-28
0,2.928748e-27
0,1.6614195e-28
0,5.203276e-22
0,4.5942645e-34
0,2.217939e-28
0,1.0194821e-30
0,1.7799207e-37
0,7.60038e-30
0,0.0
0,4.6184823e-25
0,1.0870588e-25
0,9.760285e-35
0,0.0
0,8.718468e-37
0,0.0
0,3.4057074e-22
0,4.4162e-29
0,1.848833e-09
0,2.2085294e-32
0,2.2913022e-38
0,3.9416846e-31
0,1.1641909e-09
0,0.0016494006
0,9.452746e-19
0,4.136576e-07
0,7.94299e-35
0,3.09657e-37
0,3.462572e-23
0,5.612648e-35
0,3.713074e-28
0,1.7397349e-32
0,1.6143333e-26
0,1.7364618e-22
0,1.8693367e-15
0,1.9260452e-36
0,6.890646e-29
0,7.243297e-36
0,3.6062906e-24
0,5.2109948e-25
0,1.347368e-22
0,4.662775e-17
0,1.3924993e-23
0,4.4172167e-34
0,6.283743e-32
0,7.6869284e-13
0,2.4211312e-31
0,5.6614655e-26
0,1.4202503e-24
0,1.0255926e-11
0,3.5636408e-37
0,6.9033803e-29
0,2.3452785e-25
0,0.0
0,4.8547635e-29
0,0.0
0,3.5986974e-28
0,1.0845816e-33
0,5.3432925e-23
0,1.3545716e-31
0,4.508761e-17
0,1.0490731e-26
0,1.204931e-34
0,9.644863e-16
0,1.1079056e-28
0,3.4614593e-25
0,2.2329119e-30
0,0.0
0,0.0
0,2.0499099e-16
0,1.7513042e-36
0,4.2342436e-34
0,1.0866285e-31
0,1.3561259e-34
0,5.206512e-37
0,2.1519457e-23
0,1.217506e-14
0,9.3522796e-27
0,7.667206e-24
0,1.4333055e-34
0,4.8932193e-34
0,9.760285e-35
0,6.4025835e-36
0,0.0
0,7.810534e-30
0,9.711414e-19
0,2.1679027e-33
0,7.090954e-31
0,4.1904546e-35
0,1.0885636e-09
0,3.1288775e-38
0,6.6214655e-36
0,9.444989e-13
0,2.0295828e-34
0,1.2054891e-16
0,0.0
0,1.688081e-33
0,3.7486294e-26
0,9.333395e-11
0,2.4653926e-23
0,3.0842726e-23
0,2.963873e-14
0,3.91757e-21
0,0.0
0,1.175516e-33
0,2.922785e-29
0,1.1490369e-14
0,8.632331e-36
0,4.0426755e-17
0,3.6946548e-33
0,0.0
0,4.2478616e-36
0,1.7346289e-36
0,3.4195882e-20
0,1.0734522e-17
0,2.5510417e-35
0,1.0374053e-25
0,9.800321e-34
0,1.7344523e-26
0,3.251584e-22
0,9.170357e-31
0,2.999577e-25
0,1.0374142e-31
0,7.226435e-21
0,5.525139e-38
0,5.628434e-33
0,5.64494e-28
0,5.840302e-29
0,8.5413326e-29
0,3.3373643e-22
0,3.1987354e-27
0,1.9182869e-29
0,7.777336e-27
0,5.352422e-34
0,7.272084e-38
0,3.8156084e-22
0,1.9348043e-25
0,5.2894067e-31
0,1.8759326e-35
0,9.553972e-17
0,8.7121945e-20
0,5.33192e-27
0,6.4593627e-25
0,5.8230805e-15
0,2.0672673e-21
0,1.5606464e-35
0,3.3293475e-33
0,2.1366267e-29
0,2.9925902e-20
0,6.198744e-11
0,7.2834033e-25
0,4.463474e-27
0,1.1942024e-38
0,8.3288635e-32
0,1.2307366e-19
0,3.8775618e-13
0,5.476299e-27
0,3.4755393e-24
0,0.0
0,5.7323864e-30
0,1.6964839e-28
0,1.0420408e-12
0,2.2668552e-38
0,1.1317205e-34
0,9.619567e-27
0,3.8175186e-28
0,1.6816961e-36
0,1.3169626e-18
0,4.906264e-27
0,1.6036112e-14
0,6.273827e-32
0,3.1981222e-29
0,3.2309502e-28
0,1.1957178e-27
0,8.6292273e-38
0,7.372317e-19
0,4.5163535e-09
0,6.2972743e-18
0,2.1957684e-25
0,7.1408765e-30
0,4.1669454e-26
0,2.7394071e-27
0,8.843207e-37
0,6.03792e-26
0,8.309315e-32
0,0.0
0,3.535373e-27
0,7.2150546e-22
0,1.431415e-34
0,1.3837867e-33
0,2.7611278e-32
0,3.8800572e-23
0,5.718689e-31
0,1.1175384e-25
0,3.6373972e-28
0,4.6136034e-33
0,1.4393654e-34
0,8.3631654e-29
0,2.2036988e-32
0,1.0658035e-21
0,6.283743e-32
0,1.6420604e-24
0,1.1299789e-32
0,2.1411718e-21
0,4.4034193e-27
0,3.0833007e-35
0,1.19684206e-32
0,5.8401355e-25
0,2.0560298e-20
0,6.8526887e-29
0,3.8197919e-35
0,0.005226865
0,3.123727e-22
0,5.1033363e-22
0,4.4002115e-20
0,2.2312743e-25
0,5.4162573e-27
0,1.0581798e-35
0,2.3486164e-34
0,8.751753e-38
0,1.6964839e-28
0,0.0
0,2.5636458e-35
0,3.1360903e-26
0,2.658928e-25
0,3.411058e-33
0,2.3998399e-27
0,3.0434e-24
0,6.0921944e-27
0,1.7332159e-18
0,2.4896468e-28
0,3.0806062e-29
0,3.0769448e-27
0,1.1282684e-33
0,0.0
0,6.283743e-32
0,2.1919517e-33
0,5.1747623e-33
0,1.4257176e-30
0,1.16040975e-30
0,3.4848507e-36
0,5.5332383e-38
0,0.0
0,5.4620173e-31
0,6.4551986e-33
0,1.2492112e-28
0,2.5296834e-35
0,3.8980767e-26
0,0.0
0,1.057194e-30
0,7.925494e-28
0,3.302285e-22
0,1.610339e-29
0,2.2307512e-21
0,1.7722585e-29
0,9.760285e-35
0,4.9289468e-26
0,4.1667767e-38
0,6.272666e-36
0,1.6023856e-36
0,2.1940973e-22
0,2.0357415e-32
0,5.47488e-34
0,3.135883e-36
0,5.399291e-38
0,4.4437464e-36
0,9.957358e-25
0,0.0
0,3.1690175e-11
0,6.718673e-25
0,2.8261617e-26
0,2.560566e-36
0,5.3662396e-20
0,2.905267e-36
0,0.0
0,2.0184939e-28
0,0.0
0,2.0185426e-18
0,9.206874e-25
0,2.4408228e-35
0,1.7159634e-29
0,1.3227235e-24
0,3.0019794e-26
0,6.847333e-10
0,5.329145e-07
0,1.9155851e-25
0,2.8736798e-34
0,3.0358979e-24
0,4.8051385e-32
0,2.0015668e-25
0,2.4120155e-30
0,0.0
0,1.5700752e-20
0,3.4041116e-21
0,9.796565e-38
0,3.9717036e-32
0,8.45888e-28
0,1.7974154e-37
0,9.368641e-18
0,1.9176873e-36
0,2.1919517e-33
0,1.566385e-19
0,4.566949e-21
0,1.19496245e-32
0,2.1562642e-34
0,4.9168754e-32
0,7.758703e-33
0,6.403315e-29
0,2.4304879e-30
0,5.321907e-25
0,5.892539e-27
0,3.1983394e-23
0,4.397655e-30
0,2.0490837e-21
0,0.0
0,1.2180769e-30
0,6.927606e-34
0,1.0250486e-34
0,1.0016905e-24
0,6.819841e-26
0,1.9429312e-34
0,4.9625793e-36
0,9.935516e-15
0,1.9779039e-37
0,4.794549e-27
0,2.5277293e-32
0,2.5103338e-34
0,1.6485113e-33
0,1.016777e-11
0,5.020501e-29
0,9.342182e-36
0,2.340212e-32
0,1.3702042e-24
0,5.266678e-30
0,9.760285e-35
0,1.2522211e-29
0,1.2638786e-28
0,2.326225e-28
0,4.7220598e-32
0,2.7989335e-25
0,4.2274888e-38
0,6.1556325e-30
0,0.0
0,0.0
0,2.353016e-37
0,1.261212e-06
0,0.0
0,3.246156e-29
0,8.475521e-34
0,2.7654112e-37
0,2.4153262e-18
0,1.8455571e-23
0,4.984168e-29
0,8.259623e-20
0,6.5800767e-34
0,1.05077845e-35
0,1.5248548e-35
0,1.2107092e-18
0,3.0050624e-33
0,2.553701e-34
0,3.696028e-11
0,4.959627e-36
0,8.5446e-27
0,4.6173888e-18
0,3.508727e-14
0,2.6418958e-37
0,3.159818e-19
0,4.3486577e-31
0,4.8952927e-26
0,7.274061e-21
0,1.2241598e-16
0,4.102801e-24
0,4.6882908e-35
0,4.6069836e-21
0,0.0
0,1.8539537e-31
0,2.4841938e-34
0,6.3328213e-21
0,7.15511e-30
0,2.7224452e-36
0,5.203006e-34
0,6.182913e-36
0,4.834788e-13
0,1.7712005e-33
0,0.0
0,1.43453e-06
0,1.4118196e-37
0,2.7499484e-21
0,1.1049767e-35
0,1.8570658e-26
0,8.632716e-23
0,1.968987e-18
0,1.7714365e-26
0,1.5261897e-32
0,1.7086764e-26
0,1.7579685e-31
0,1.9978253e-36
0,9.8461355e-37
0,3.7579989e-38
0,1.2887481e-27
0,5.8729387e-30
0,4.0855005e-22
0,5.6572944e-20
0,1.5180525e-20
0,2.7294912e-13
0,4.813824e-29
0,3.9965282e-29
0,2.261684e-28
0,1.6187753e-31
0,8.084923e-36
0,6.2962046e-22
0,1.4696145e-34
0,6.369777e-26
0,3.8268877e-31
0,3.3023755e-28
0,2.3709692e-33
0,8.039483e-32
0,4.6514464e-37
0,0.0
0,3.8042605e-28
0,0.0
0,1.1173813e-24
0,2.8656958e-14
0,1.14905005e-29
0,2.4033085e-30
0,6.2084114e-37
0,4.434264e-36
0,1.3652847e-23
0,1.4155759e-33
0,9.37399e-28
0,1.9189288e-31
0,8.257359e-34
0,2.035592e-19
0,1.5695466e-22
0,2.7418584e-16
0,6.2385956e-34
0,4.6876934e-38
1,0.76148576
0,6.8784475e-25
0,7.57368e-34
0,7.6547494e-33
0,6.328785e-37
0,0.0
0,8.377434e-30
0,3.988783e-33
0,2.7810341e-31
0,6.522001e-26
0,0.16581027
0,1.5265869e-08
0,3.5778504e-28
0,1.0394888e-33
0,8.0625625e-36
0,5.8354423e-38
0,1.5488591e-31
0,4.3728877e-34
0,4.0795657e-30
0,0.0
0,3.3988556e-29
0,1.458884e-27
0,2.6848035e-27
0,1.4512168e-22
0,3.8706905e-35
0,1.5992602e-27
0,9.986611e-25
0,0.0
0,3.07101e-28
0,4.2538982e-34
0,1.0049233e-34
0,1.1035102e-21
0,3.4341606e-37
0,0.0
0,7.261803e-37
0,0.0
0,6.686823e-30
0,4.328715e-23
0,3.530505e-36
0,5.896702e-26
0,4.5319402e-38
0,0.011986138
0,9.879222e-34
0,4.2321975e-17
0,6.6083643e-15
0,2.4205765e-24
0,6.95229e-16
0,2.2450818e-31
0,9.760285e-35
0,6.962423e-25
0,2.7354396e-34
0,2.8404121e-15
0,1.1157578e-25
0,5.77533e-26
0,0.0
0,0.0
0,5.447083e-29
0,3.6540073e-33
0,5.2904953e-24
0,2.4397108e-31
0,7.512951e-15
0,4.774312e-33
0,2.1973577e-35
0,0.0
0,0.0
0,0.0
0,4.7991935e-36
0,1.4889354e-27
0,4.6331425e-19
0,3.5840786e-36
0,0.0
0,5.401514e-31
0,2.214932e-18
0,1.2464846e-34
0,1.279636e-35
0,9.50414e-31
0,1.06061594e-29
0,3.806493e-37
0,4.0032082e-38
0,1.6385355e-34
0,1.5304854e-26
0,3.3354857e-34
0,1.0036816e-20
0,1.2495541e-21
0,1.7332539e-20
0,2.1888979e-29
0,2.5235503e-30
0,9.545069e-20
0,1.7698051e-30
0,2.894722e-30
0,3.4680055e-23
0,6.9845345e-31
0,0.0
0,4.596649e-34
0,2.6991e-18
0,3.7004356e-19
0,3.070751e-10
0,1.168518e-20
0,1.323605e-19
0,4.3146775e-19
0,1.8934745e-28
0,7.8571524e-30
0,8.0620436e-35
0,9.786074e-37
0,8.785673e-15
0,3.4556622e-28
0,1.566369e-24
0,1.6318914e-35
0,0.0
0,3.3604597e-38
0,6.4250133e-23
0,1.5855444e-34
0,2.586587e-32
0,0.0
0,1.3910779e-21
0,4.2401187e-38
0,1.0494759e-36
0,9.2026067e-29
0,2.6753392e-25
0,4.6922818e-27
0,1.8694217e-38
0,2.2322307e-30
0,1.7609065e-33
0,7.145042e-31
0,1.4799577e-30
0,0.0
0,1.6886675e-25
0,1.6964939e-24
0,5.328638e-15
0,2.643546e-32
0,1.3246287e-29
0,2.0297269e-22
0,5.5669424e-31
0,1.3417877e-22
0,1.2075986e-36
0,9.598978e-32
0,5.502462e-09
0,3.8523452e-38
0,0.0
0,3.4360581e-31
0,8.7185646e-38
0,8.2579977e-32
0,1.0066796e-21
0,8.4918466e-23
0,1.0164601e-24
0,9.7075345e-32
0,8.867942e-28
0,4.686343e-27
0,3.7450116e-27
0,3.2038987e-21
0,5.7322754e-38
0,9.273769e-19
0,3.2061417e-25
0,1.0444106e-31
0,0.0
0,1.592862e-26
0,0.0
0,0.0
0,2.4232323e-28
0,2.8925652e-33
0,2.7559386e-33
0,0.0
0,4.2968887e-34
0,1.5949184e-17
0,6.695283e-34
0,4.5219674e-34
0,1.2764072e-37
0,3.967556e-24
0,1.0445131e-33
0,1.5798535e-31
0,1.0595839e-23
0,9.055895e-28
0,7.012453e-33
0,8.91956e-32
0,1.5595684e-21
0,6.241209e-28
0,7.648603e-30
0,1.0859284e-23
0,7.2454514e-29
0,6.283743e-32
0,7.059935e-14
0,9.760285e-35
0,9.512118e-24
0,2.3526564e-30
0,1.6483837e-35
0,1.2429774e-31
0,7.314454e-16
0,1.8450598e-28
0,5.9732785e-38
0,6.751599e-36
1,0.9989436
0,1.3039824e-22
0,3.4361428e-20
0,5.8736445e-34
0,3.6021395e-31
0,2.0668088e-22
0,1.1937596e-32
0,4.4640464e-30
0,1.4442633e-23
0,0.00024804604
0,6.794597e-27
0,4.6479783e-26
0,0.0
0,0.0
0,4.4436217e-16
0,9.344401e-34
0,3.0968054e-15
0,1.0164601e-24
0,3.8862115e-27
0,4.5884006e-25
0,3.746743e-18
1,0.99309313
0,5.380119e-19
0,2.2337977e-05
0,9.412982e-27
0,1.0976507e-26
0,5.119586e-19
0,2.493675e-37
0,1.6964839e-28
0,0.0
0,9.760285e-35
0,1.57893e-18
0,8.396028e-36
0,1.7932509e-30
0,3.7924234e-20
0,9.5486405e-27
0,4.6813377e-28
0,1.1959798e-09
0,3.6854205e-33
0,2.7998565e-29
0,2.8268583e-29
0,6.336278e-28
0,4.995638e-32
0,9.240842e-37
0,4.3777505e-24
0,3.075129e-14
0,2.261684e-28
0,2.4447495e-32
0,3.8420066e-19
0,4.0609904e-25
0,3.3357749e-21
0,3.383267e-37
0,8.115381e-38
0,2.43468e-32
0,2.8775126e-31
0,5.8143125e-30
0,7.794247e-24
0,9.772661e-26
0,1.1727931e-25
0,0.0
0,1.2345328e-24
0,4.881059e-36
0,1.0962435e-28
0,1.5453915e-20
0,4.803096e-28
0,4.0687986e-36
0,3.015237e-25
0,4.251232e-22
0,7.74557e-26
0,1.1742184e-22
0,9.688914e-27
0,8.681818e-32
0,3.1597504e-31
0,1.06402536e-19
0,3.597682e-28
0,2.3601663e-34
0,5.119586e-19
0,5.302243e-28
0,0.0
0,3.639471e-25
0,6.588814e-20
0,9.724115e-22
0,5.28681e-14
0,2.1082472e-23
0,6.043095e-29
0,4.6507415e-35
0,1.2491375e-09
0,2.6200132e-25
0,9.346433e-19
0,0.0
0,6.5988637e-31
0,2.4291953e-26
0,1.0799813e-35
0,2.826231e-38
0,5.8919728e-21
0,1.0689755e-21
0,1.8281713e-32
0,8.8537337e-23
0,2.079725e-36
0,2.0357415e-32
0,0.0
0,1.6486168e-27
0,1.12137955e-14
0,3.6870346e-27
0,1.9024282e-23
0,5.119586e-19
0,9.666805e-26
0,8.796025e-25
0,1.0574016e-34
0,3.8093715e-21
0,2.0357415e-32
0,2.2706648e-29
0,2.3556013e-23
0,1.458779e-26
0,9.7497084e-14
0,1.985894e-38
0,4.3682276e-23
0,9.8986684e-15
0,1.2341476e-30
0,2.9848942e-20
0,4.584576e-37
0,1.9736223e-30
0,6.8658227e-22
0,3.0681834e-16
0,3.092782e-36
0,0.0
0,9.760285e-35
0,2.0344173e-29
0,7.4178785e-26
0,1.5429117e-35
0,2.2241677e-27
0,7.950016e-14
0,0.0
0,4.0110733e-34
0,9.9033125e-23
0,0.0
0,5.333397e-30
0,3.6110747e-35
0,4.1073942e-14
0,1.4204441e-33
0,1.3420497e-28
0,2.1023328e-34
0,2.516374e-19
0,5.145457e-24
0,0.0
0,1.2900813e-34
0,1.895003e-24
0,2.2958796e-37
0,1.5408506e-08
0,4.7240293e-22
0,7.593056e-28
0,6.328714e-29
0,0.0
0,2.8759167e-34
0,7.363003e-22
0,1.3123631e-19
0,4.0708905e-23
0,6.0871414e-31
0,2.9191207e-28
0,2.31917e-15
0,0.0
0,0.0
0,1.8309133e-33
0,2.7785176e-26
0,1.3686685e-31
0,5.4505997e-35
0,1.3540561e-22
0,1.5817002e-29
0,1.8951533e-33
0,1.2925213e-24
0,8.806408e-23
0,1.973586e-36
0,8.3060447e-26
0,1.0028651e-30
0,1.3350338e-28
0,5.1881925e-37
0,3.2505828e-35
0,1.5109791e-15
0,1.9913598e-34
0,1.5442709e-36
0,7.1302845e-31
0,9.600997e-31
0,1.5336262e-23
0,5.9338557e-22
0,3.547539e-38
0,1.1251036e-28
0,6.204265e-38
0,0.0
0,1.13059e-34
0,1.6211096e-33
0,5.302243e-28
0,6.2300135e-33
0,0.0
0,3.3030518e-23
0,5.48156e-29
0,3.953868e-16
0,3.1355208e-23
0,3.261523e-29
0,0.0
0,1.7102962e-23
0,2.0423869e-22
0,1.6686943e-33
0,5.4717063e-34
0,0.0
0,3.5897056e-08
0,1.9179355e-29
0,1.8236847e-18
0,1.555745e-32
0,7.017751e-33
0,0.0
0,1.3889121e-32
0,4.7623892e-14
0,1.9736223e-30
0,6.0761554e-20
0,4.3540755e-28
0,4.409173e-25
0,5.7032036e-37
0,4.1819044e-23
0,1.8234353e-17
0,1.18755255e-29
0,3.8920295e-26
0,1.3860962e-32
0,2.3593742e-19
0,2.2006868e-21
0,2.7564272e-22
0,9.632412e-36
0,5.7705885e-36
0,2.0357415e-32
0,3.4779717e-36
0,1.2184497e-21
0,8.677491e-22
0,1.2771814e-15
0,1.2090981e-26
0,1.5886106e-23
0,2.5901476e-35
0,6.2492254e-32
0,1.5828576e-16
0,2.8430954e-26
0,7.8679037e-19
0,6.4069783e-22
0,3.8348445e-20
0,3.1749092e-34
0,2.0120332e-16
0,1.4248459e-25
0,1.6264885e-15
0,4.472959e-31
0,3.3337235e-38
0,1.2456847e-36
0,2.8189972e-29
0,3.024435e-29
0,1.5698348e-21
0,9.760285e-35
0,1.0689424e-22
0,5.8364846e-32
0,0.0
0,8.906162e-25
0,0.0
0,3.2015783e-28
0,2.0371356e-10
0,9.760285e-35
0,6.376567e-09
0,0.0
0,1.598558e-28
0,7.972859e-28
0,5.9971706e-20
0,2.666955e-31
0,0.0
0,5.5025655e-32
0,7.2857763e-37
0,1.1645379e-23
1,0.00036576204
0,5.4419213e-33
0,2.5460803e-30
0,7.2407e-36
0,1.8727783e-36
0,6.283743e-32
0,5.1615314e-34
0,1.2388028e-38
0,2.3878467e-37
0,4.1339123e-29
0,2.7281179e-31
0,2.2377458e-31
0,1.1260147e-19
0,5.027468e-10
0,2.7047696e-25
0,1.3803169e-19
0,6.8297324e-34
0,0.0
0,2.3890495e-37
0,8.014762e-12
0,4.822947e-34
0,1.0073386e-17
0,5.5132463e-37
0,6.3798224e-18
0,1.30883675e-14
0,7.112666e-35
0,9.742226e-31
0,9.2240075e-37
0,8.619081e-26
0,5.297098e-32
0,8.084974e-31
0,1.0536846e-20
0,5.1667254e-29
0,5.544218e-33
0,5.9316185e-21
0,3.188574e-20
0,0.0
0,9.6109525e-26
0,5.6676658e-34
0,3.365539e-31
0,5.908849e-30
0,1.8588481e-30
0,3.0293707e-33
0,7.109226e-26
0,6.10998e-18
0,5.73648e-29
0,8.058328e-34
0,1.6785495e-28
0,2.600781e-35
0,1.2865226e-20
0,0.0
0,8.819829e-14
1,0.24991982
0,0.0
0,1.8755232e-29
0,0.0
0,2.8078686e-05
0,2.5969682e-32
0,2.7299926e-38
0,3.0841712e-35
0,0.0
0,2.7121596e-38
0,8.3024315e-19
0,1.53394475e-27
0,1.1882181e-30
0,6.207305e-20
0,4.188074e-27
0,3.7743301e-25
0,1.3780059e-36
0,8.440314e-13
0,7.146098e-18
0,3.32747e-17
0,7.061938e-30
0,1.2499389e-38
0,7.176408e-29
0,6.807044e-36
0,2.9525126e-23
0,2.5364916e-31
0,2.515585e-28
0,1.4901952e-29
0,4.368972e-18
0,6.901976e-24
0,1.6444174e-09
0,1.862937e-30
0,2.4715065e-36
0,1.1805168e-27
0,2.1919517e-33
0,6.559833e-32
0,4.4466922e-38
0,1.6265665e-26
0,1.1501487e-25
0,5.478274e-23
0,1.4890441e-26
0,1.4609391e-12
0,1.6463837e-37
0,2.2848777e-31
0,7.5396644e-34
0,0.0
0,3.108543e-32
0,1.15535556e-32
0,0.0
0,7.240889e-30
0,0.0
0,1.6293652e-21
0,3.506419e-33
0,0.0
0,1.018164e-31
0,9.261581e-32
0,2.684824e-27
0,3.3421297e-29
0,1.1137448e-28
0,3.205099e-27
0,1.9205874e-20
0,4.217532e-24
0,2.9289468e-36
0,2.1299882e-27
0,0.0
0,1.4325004e-21
0,0.0
0,5.510089e-23
0,2.0171047e-24
0,4.3346172e-14
0,1.696364e-32
0,4.0673264e-35
0,2.9379012e-27
0,1.0658806e-29
0,1.8585417e-24
0,2.4574686e-30
0,9.760285e-35
0,4.3117469e-35
0,2.7876378e-33
0,8.423573e-24
0,1.2858014e-35
0,1.7860066e-31
0,1.5151259e-19
0,1.3005438e-31
0,7.540175e-36
0,1.9174922e-26
0,7.8795875e-34
0,1.8890947e-36
0,5.1150275e-38
0,5.692174e-33
0,2.844825e-23
0,3.4776073e-17
0,2.7355998e-24
0,5.933684e-34
0,4.6044666e-38
0,2.9140672e-37
0,1.3559145e-33
0,5.027414e-16
0,0.0
0,8.750282e-31
0,5.0596004e-24
0,2.0975194e-33
0,2.0357415e-32
0,3.1433627e-32
0,1.2464846e-34
0,5.703243e-12
0,2.1062843e-32
0,1.4045291e-31
0,3.3403455e-29
0,3.531186e-32
0,4.63265e-33
0,4.2531327e-28
0,0.0
0,1.3394604e-30
0,0.0
0,1.8193276e-26
0,0.0
0,1.2162607e-31
0,1.7248665e-32
0,3.3800341e-34
0,0.70698375
0,3.819625e-31
0,1.02455815e-30
0,2.1892252e-35
0,1.8647025e-35
0,8.0431026e-32
0,1.3908584e-31
0,1.5145008e-28
0,7.049128e-37
0,6.776367e-29
0,3.367373e-25
0,1.0230917e-26
0,4.102468e-26
0,4.2136038e-26
0,2.842266e-37
0,7.195472e-33
0,0.0
0,3.3307008e-29
0,8.7588095e-21
0,4.224702e-37
0,3.43444e-27
0,5.5335843e-20
0,4.173435e-34
0,7.6930886e-28
0,1.5130291e-27
0,5.88634e-34
0,3.532941e-30
0,2.717268e-21
0,7.734839e-22
0,1.1533033e-25
0,5.3752037e-31
0,3.7223094e-34
0,0.0
0,4.7674125e-34
0,3.565587e-36
0,0.0
0,3.4978418e-33
0,0.0
0,3.8484784e-25
0,3.6025203e-33
0,7.2157885e-32
0,1.0932774e-30
0,1.073262e-28
0,7.02601e-38
0,0.0
0,1.3635882e-30
0,1.4008065e-29
0,4.218149e-29
0,1.4434133e-25
0,2.7355998e-24
0,0.0
0,2.0297269e-22
0,3.2161274e-31
0,6.9465055e-25
0,0.0
0,4.557457e-24
0,1.2426744e-38
0,1.367671e-32
0,2.4267006e-36
0,3.0710178e-23
0,1.8114215e-16
0,6.309601e-28
0,1.0884204e-24
0,4.285641e-35
0,5.0974358e-24
0,2.1640232e-22
0,4.7169862e-23
0,1.05402116e-22
0,8.82292e-30
0,9.07633e-29
0,6.9895525e-29
0,2.2717912e-29
0,2.301445e-24
0,2.981676e-26
0,1.6959705e-23
0,2.2035356e-35
0,2.6395093e-29
0,7.188566e-16
0,1.0688167e-28
0,2.026952e-34
0,1.06800865e-30
0,1.9507841e-31
0,1.1213742e-16
0,3.0859696e-29
0,8.697778e-36
0,3.5708947e-29
0,1.834029e-35
0,4.9715495e-33
0,2.685012e-32
0,7.6817533e-32
0,3.133372e-36
0,2.6320908e-20
0,1.0268495e-18
0,1.1572738e-18
0,1.0383384e-35
0,5.120714e-21
0,1.4464417e-22
0,1.3970048e-17
0,2.2760364e-26
0,9.171714e-25
1,0.9998431
0,7.324982e-38
0,1.3909239e-36
0,8.412938e-25
0,2.8013252e-33
0,3.509103e-21
0,4.2762854e-34
0,1.198197e-20
0,3.364836e-37
0,1.4354255e-38
0,4.0660627e-31
0,3.7910195e-28
0,1.5384676e-21
0,9.448562e-27
0,5.274617e-31
0,1.3367815e-21
0,4.3089556e-33
0,8.257359e-34
0,1.0780842e-19
0,2.7724203e-25
0,8.244291e-28
0,2.2513883e-21
0,1.0900148e-26
0,2.7271086e-16
0,6.595251e-20
0,1.5998004e-23
0,0.0
0,1.1801423e-28
0,1.6520467e-21
0,8.362325e-24
0,3.468061e-29
0,1.9916984e-15
0,3.2344804e-26
0,2.1178466e-24
0,5.587801e-28
0,9.379798e-33
0,3.7074787e-38
0,3.3089482e-34
0,1.1951473e-28
0,1.9368739e-38
0,7.468152e-36
0,3.7995906e-28
0,6.4702347e-26
0,0.0
0,1.0562632e-22
0,2.8745123e-12
0,2.3097895e-26
0,4.21701e-35
0,0.0
0,0.0
0,4.6842947e-24
0,2.48148e-38
0,1.2250118e-28
0,0.0
0,2.2296175e-23
0,4.1647998e-26
0,1.3888226e-31
1,0.9992756
0,2.3218411e-32
0,3.0460504e-30
0,2.4212814e-29
0,3.8393833e-27
0,8.774953e-23
0,7.2089654e-32
0,2.0047217e-26
0,2.1124871e-33
0,4.6793798e-18
0,1.0878005e-34
0,7.833109e-33
0,9.887893e-34
0,1.5731094e-34
0,1.1195989e-26
0,1.6964839e-28
0,7.233593e-32
0,4.286626e-33
0,5.239558e-10
0,4.657386e-33
0,1.5628781e-38
0,9.760285e-35
0,0.0
1,0.66468966
0,1.0392136e-36
0,7.0181725e-35
0,0.0
0,1.9803368e-35
0,5.1726694e-26
0,6.613031e-22
0,9.5499415e-29
0,2.7383318e-19
0,2.8181585e-29
0,3.5616518e-32
0,1.3417411e-30
0,3.848177e-29
0,8.452833e-24
0,1.6719456e-31
0,2.514551e-34
0,6.4339355e-32
0,0.0
0,8.257359e-34
0,1.2729911e-26
0,4.158283e-30
0,1.6828178e-30
0,2.0515427e-33
0,3.5385486e-32
0,1.0462707e-20
0,2.3154021e-32
0,1.0454855e-26
0,2.4430473e-29
0,4.8388576e-31
0,1.3045417e-34
0,1.3202171e-33
0,3.345294e-36
0,9.369098e-27
0,5.693856e-37
0,8.0015e-28
0,1.4486523e-27
0,6.4959074e-33
0,5.2277925e-20
0,0.0
0,5.478216e-29
0,1.329471e-25
0,1.2885115e-28
0,4.5148364e-32
0,6.81115e-28
0,3.7207542e-08
0,9.760285e-35
0,4.744173e-19
0,4.834788e-13
0,8.8285495e-36
0,2.13795e-34
0,1.066613e-36
0,1.0658258e-25
0,8.8377327e-32
0,4.2522875e-21
0,1.3069848e-23
0,5.998671e-38
0,6.231506e-27
0,0.0
0,7.298866e-33
0,1.4442633e-23
0,2.3026652e-32
0,1.5638316e-24
0,7.970286e-25
0,1.3612892e-25
0,2.639734e-34
0,4.736203e-32
0,2.6256608e-10
0,1.1628112e-23
0,9.142022e-25
0,6.894683e-25
0,5.551563e-25
0,3.5775022e-32
0,0.0
0,2.7135547e-32
0,1.1837188e-34
0,2.498868e-27
0,0.0
0,4.3659106e-31
0,3.6825779e-35
0,9.760285e-35
0,5.0596004e-24
0,5.119586e-19
0,9.968638e-34
0,6.9357943e-29
0,7.558125e-26
0,7.4725955e-29
0,4.718193e-15
0,3.164794e-38
0,3.6436236e-33
0,8.233972e-23
0,0.0
0,2.3652726e-30
0,4.0415274e-28
0,2.4416794e-35
0,5.0175233e-18
0,1.1080784e-29
0,9.760285e-35
0,5.383001e-31
0,5.433776e-23
0,4.126683e-09
0,4.577061e-30
0,6.408572e-28
0,1.7702085e-32
0,2.2619833e-38
0,5.3150283e-18
0,0.0
0,2.0362096e-15
0,1.3839525e-30
0,7.1133554e-32
0,8.722182e-25
0,1.7919873e-36
0,5.4565585e-17
0,2.050744e-26
0,5.8175844e-34
0,1.02510785e-33
0,1.2164028e-19
0,1.3429203e-28
0,6.901621e-20
0,4.1770577e-38
0,4.376968e-23
0,2.4624946e-18
0,9.319398e-29
0,7.8491395e-26
0,0.0027278566
0,1.8454923e-32
0,7.671428e-29
0,7.1982324e-29
0,1.3256893e-23
0,4.359122e-38
0,6.026502e-35
0,6.744361e-11
0,2.0985204e-25
0,1.5143037e-10
0,1.8038166e-30
0,0.0
0,1.616358e-29
0,4.6793798e-18
0,6.2738196e-12
0,1.2648362e-24
0,2.4297332e-33
0,3.943669e-24
0,7.8292294e-17
0,1.5374823e-28
0,8.972846e-29
0,5.2117264e-19
0,1.3674798e-22
0,2.580173e-31
0,0.0
0,7.7706436e-32
0,1.4587987e-22
0,5.2427496e-28
0,2.9801618e-27
0,7.0902034e-29
0,5.5503067e-35
0,7.700217e-22
0,0.0
0,6.1653677e-13
0,6.892987e-21
0,0.0
0,1.1778245e-31
0,1.4708991e-26
0,7.797447e-12
0,6.523936e-28
0,2.8349568e-22
0,5.5208633e-30
0,9.304359e-32
0,1.7013531e-18
0,8.492592e-38
0,2.7537261e-37
0,8.940633e-35
0,1.9058477e-32
0,1.1454e-22
0,3.6393275e-20
1,0.99934906
0,4.7517977e-34
0,2.8747e-26
0,9.572633e-28
0,5.922503e-11
0,7.689241e-29
0,4.563409e-38
0,1.6105688e-26
0,2.1919517e-33
0,1.03213046e-35
0,3.9723643e-20
0,1.0228063e-27
0,1.515361e-29
0,9.3340716e-26
0,3.66618e-19
0,3.066868e-34
0,1.692954e-28
0,1.7222678e-19
0,4.0198147e-14
0,2.3664921e-29
0,3.042306e-26
0,1.0434254e-34
0,1.99524e-32
0,7.182345e-23
0,1.0267983e-26
0,1.2483975e-19
0,8.5412954e-30
0,1.1025711e-15
0,2.3900825e-27
0,6.611866e-31
0,5.101286e-32
0,5.0607665e-36
0,2.0133794e-21
0,4.1822547e-31
0,3.3023872e-36
0,1.324835e-23
0,0.0
0,3.303377e-32
0,8.270463e-29
0,3.3689301e-31
0,9.688218e-18
0,6.9997984e-29
0,0.0
0,3.7444778e-37
0,8.7586885e-33
0,0.0
0,4.3165414e-25
0,3.1221205e-21
0,1.7410752e-18
0,2.981958e-20
0,9.513144e-22
0,3.5784774e-21
0,3.531944e-30
0,2.1015395e-26
0,2.4588312e-20
0,2.6092105e-33
0,1.2256485e-19
0,1.0734452e-15
0,0.0
0,3.5202896e-18
0,5.3432925e-23
0,9.13284e-21
0,2.9468964e-24
0,3.5704007e-31
0,1.558805e-16
0,4.834788e-13
0,0.0
0,1.2613118e-20
0,4.361464e-32
0,9.779729e-37
0,8.513429e-20
0,1.00784535e-33
0,3.5654705e-33
0,1.5170712e-24
0,9.3201454e-14
0,5.911413e-32
0,5.455689e-23
0,2.8101275e-15
0,1.3142707e-36
0,2.1094953e-22
0,4.2710687e-34
0,2.1919517e-33
0,1.5339592e-31
0,1.8217685e-30
0,1.4612208e-23
0,1.3963143e-29
0,2.6621534e-19
0,2.6967166e-15
0,9.29636e-28
0,2.085217e-26
0,2.0177538e-29
0,2.8865886e-27
0,4.959627e-36
0,2.4023576e-28
0,1.0406312e-26
0,3.6874005e-27
0,3.5646077e-36
0,4.5425315e-31
0,1.4743139e-27
0,5.0681295e-35
0,1.9201812e-16
0,2.5403201e-28
0,1.3278657e-38
0,7.6397734e-36
0,2.3470042e-34
0,0.0
0,1.9736223e-30
0,1.5391622e-26
0,5.768025e-17
0,0.0
0,1.1780236e-36
0,1.9324802e-18
0,3.858331e-23
0,1.0358832e-17
0,0.0
0,9.760285e-35
0,5.0849196e-20
0,0.0
0,0.0
0,2.001463e-37
0,1.5370937e-30
0,1.2198746e-33
0,8.132912e-33
0,1.4636102e-28
0,6.106078e-29
0,4.959627e-36
0,1.18868685e-27
0,4.366233e-21
0,2.4987784e-30
0,6.8592207e-31
0,6.612088e-25
0,2.8261617e-26
0,0.0
0,2.505621e-31
0,5.7962995e-33
0,2.7371363e-30
0,1.6482198e-28
0,0.0
0,0.0
0,2.3263496e-28
0,2.0986375e-28
0,3.155891e-19
0,2.2970303e-34
0,7.0927066e-25
0,0.0
0,8.29361e-24
0,6.7746034e-31
0,2.2111088e-32
0,6.8592207e-31
0,2.0555164e-16
0,4.2353882e-35
0,4.033584e-26
0,7.747379e-32
0,5.119586e-19
0,1.4341072e-22
0,3.4814725e-38
0,8.8446394e-26
0,6.0910436e-31
0,4.7249894e-35
0,3.6637313e-09
0,5.8184583e-16
0,1.2986372e-28
0,7.546242e-37
0,1.6445448e-29
0,3.2798328e-10
0,0.0
0,9.371959e-19
0,1.466817e-30
0,1.7646986e-26
0,5.2541427e-20
0,3.676746e-31
0,2.891139e-20
0,1.0840756e-28
0,1.7895139e-29
0,1.9736223e-30
0,9.136715e-12
0,0.0
0,5.4218513e-30
0,4.2917343e-24
0,1.413319e-35
0,2.3926751e-18
0,7.178111e-20
0,6.829682e-26
0,4.50956e-36
0,1.8380269e-29
0,1.2780329e-32
0,1.5610279e-27
0,2.3486164e-34
0,3.015453e-34
0,3.0346868e-21
0,6.627126e-36
0,1.346234e-35
0,0.0
0,3.8605453e-35
0,2.8575502e-23
0,7.613514e-33
0,5.480723e-22
0,1.1837188e-34
0,2.4327907e-28
0,3.7512755e-26
0,5.1818016e-38
0,5.776874e-33
0,4.950354e-33
0,2.0406979e-36
0,1.5948892e-23
0,1.6218872e-35
0,6.8710207e-34
0,5.3987246e-34
0,2.8123322e-33
0,4.1334742e-20
0,2.0524412e-27
0,3.482994e-34
0,3.4453438e-35
0,3.753814e-31
0,3.2421575e-30
0,0.0
0,1.8841964e-33
0,1.2215444e-36
0,2.065989e-37
0,4.8854016e-35
0,8.5923416e-30
0,3.1515033e-32
0,1.4485073e-29
0,4.00804e-29
0,6.5003342e-21
0,1.9907563e-30
0,9.0241025e-35
0,5.109376e-29
0,4.9052364e-19
0,5.403191e-28
0,1.1249345e-31
0,1.1450193e-23
0,1.1843881e-25
0,1.5861538e-21
0,3.8274593e-30
0,4.127516e-36
0,3.862456e-37
0,0.0
0,2.9782596e-30
0,5.395431e-34
0,2.1621808e-24
0,2.501863e-27
0,8.3674755e-21
0,1.0267292e-31
0,9.0470674e-33
0,3.527235e-28
0,6.2923983e-26
0,1.3155108e-19
0,1.1227995e-31
0,2.7336782e-33
0,4.652586e-28
0,2.5629972e-15
0,3.8503513e-21
0,7.654581e-24
0,5.089885e-36
0,3.465832e-33
0,0.0
0,1.04142545e-11
0,1.5022315e-23
0,2.9174897e-32
0,0.0
0,6.475893e-25
0,1.1654478e-25
0,1.6689663e-20
0,3.6976902e-23
0,5.036757e-33
0,7.397598e-31
0,1.8805545e-27
0,1.9599315e-36
0,5.984989e-35
0,6.409901e-33
0,0.0
0,0.0
0,4.0442582e-20
0,1.9173416e-23
0,7.8075286e-29
0,0.0
0,2.4684185e-34
0,0.0
0,2.7143443e-30
0,2.9443593e-11
0,9.760285e-35
0,1.0715487e-34
0,3.4856815e-25
0,4.396729e-24
0,7.6278975e-27
0,5.73608e-31
0,5.7536305e-32
0,4.6463887e-31
0,4.272945e-18
0,7.538537e-28
0,2.1496275e-27
0,1.854073e-32
0,3.764286e-29
0,1.0383384e-35
0,8.828913e-30
0,6.7594813e-22
0,6.020941e-35
0,5.1578126e-26
0,2.26704e-35
0,2.801703e-23
0,1.1556829e-30
0,1.2580454e-18
0,8.550947e-37
0,6.317088e-29
0,5.6244177e-34
0,1.6849268e-35
0,8.763528e-27
0,2.863862e-20
0,3.2129974e-18
0,1.2711184e-18
0,2.1232292e-21
0,1.2678544e-18
0,0.0
0,3.9783594e-25
0,1.1623098e-31
0,3.467036e-25
0,1.5331558e-26
0,0.0
0,3.1065828e-35
0,1.0357544e-29
0,2.84099e-35
0,0.0
0,3.873768e-10
0,4.8111627e-21
0,4.35216e-23
0,0.0
0,2.560566e-36
0,1.2618322e-34
0,2.9926096e-11
0,2.2690398e-34
0,2.193792e-33
0,8.257359e-34
0,8.077004e-35
0,6.129084e-23
0,1.6079356e-18
0,7.488852e-24
0,2.0023652e-21
0,2.8549853e-26
0,2.6979896e-32
0,6.729205e-28
0,2.7003944e-13
0,7.05568e-18
0,8.4805484e-38
0,1.4678007e-32
0,8.73367e-17
0,7.141421e-30
0,8.257359e-34
0,9.248629e-31
0,8.536597e-32
0,3.4744066e-35
0,1.0325074e-37
0,3.2538296e-22
0,7.0061795e-30
0,4.4198404e-29
0,7.3991104e-19
0,1.1717816e-19
0,2.4609953e-23
0,3.7507376e-23
0,2.261684e-28
0,4.786838e-07
0,4.8087016e-37
0,0.0
0,0.0
0,1.0825771e-25
0,1.36465e-37
0,1.8552837e-31
0,2.564828e-36
0,1.8355008e-33
0,4.7694436e-29
0,0.0
0,4.9368136e-33
0,9.664096e-37
0,6.899612e-30
0,6.5655544e-28
0,1.8928287e-16
0,2.3413526e-34
0,1.1902841e-27
0,1.1181184e-25
0,2.8433532e-35
0,0.0
0,1.564822e-13
0,4.7934985e-23
0,1.3686933e-18
0,2.9068899e-18
0,4.3521612e-30
0,6.68826e-35
0,5.465191e-29
0,1.9885402e-30
0,1.2115064e-14
0,1.9872768e-27
0,0.0
0,1.5915902e-29
0,3.0547716e-34
0,5.13447e-34
0,2.5067197e-24
0,0.0
0,8.140293e-12
0,9.015574e-19
0,7.67756e-33
0,0.0
0,7.6675016e-38
0,1.7166203e-34
0,1.7592108e-37
0,0.0
0,2.0766462e-24
0,8.682147e-25
0,2.7802158e-32
0,6.465915e-34
0,0.0
0,1.01376505e-24
0,2.1698625e-34
0,8.617505e-33
0,2.7857901e-24
0,1.3687932e-17
0,4.621239e-22
0,4.2197358e-32
0,1.6464891e-31
0,1.431478e-15
0,5.810025e-33
0,1.7276382e-33
0,2.6080355e-26
0,3.0410903e-24
0,3.3158284e-30
0,1.00436485e-32
0,1.8308955e-22
0,5.6724993e-23
0,1.9703053e-22
0,4.704144e-28
0,1.9829216e-28
0,0.0
0,1.012339e-24
0,3.845584e-19
0,3.9415444e-26
0,9.760285e-35
0,3.081617e-29
0,0.0
0,3.2147955e-28
0,0.0
0,5.311707e-32
0,9.9532065e-20
0,2.9322454e-28
0,9.760285e-35
0,4.604194e-27
0,1.5063011e-29
0,0.0
0,2.2636526e-35
0,1.9736223e-30
0,2.8903496e-32
0,1.4305317e-25
0,1.1392198e-24
0,1.5615298e-25
0,1.2091815e-18
0,3.3023964e-23
0,0.0
0,3.3478576e-30
0,8.875308e-23
0,1.4828515e-22
0,6.335658e-33
0,2.5272632e-27
0,4.4204708e-26
0,3.1806616e-30
0,5.850401e-37
0,1.0148943e-25
0,2.387253e-31
0,4.1568385e-23
0,9.760285e-35
0,2.081213e-10
0,0.0
0,4.865295e-36
0,2.6646698e-14
0,8.302e-31
0,1.7036803e-23
0,1.1025859e-26
0,7.111373e-25
0,5.7261673e-34
0,6.7847564e-34
0,0.0
0,1.7394001e-28
0,9.928452e-26
0,0.0
0,9.242775e-16
0,1.567306e-33
0,9.26063e-24
0,5.7408962e-31
0,2.9930003e-28
0,2.2081538e-29
0,2.6935766e-33
0,2.5364978e-26
1,0.3318443
0,2.1919517e-33
0,5.237097e-34
0,1.28314166e-26
0,1.5750202e-25
0,2.2287229e-32
0,4.5266607e-27
0,1.8178217e-34
0,2.2899794e-26
0,7.738464e-23
0,5.6387277e-18
0,4.9735537e-28
0,1.2507482e-33
0,7.623193e-25
0,0.0
0,9.168979e-34
0,0.0
0,0.0
0,0.0
0,2.026581e-34
0,1.6194036e-33
0,1.10078215e-20
0,1.1957143e-18
0,8.509701e-26
0,8.018779e-32
0,0.0
0,1.08302925e-29
0,9.313653e-34
0,5.01589e-13
0,2.9178664e-18
0,5.623631e-24
0,4.9525664e-32
0,1.9867993e-27
0,0.0
0,1.5469022e-34
0,8.797101e-32
0,2.5152652e-23
0,5.669426e-31
0,2.8008829e-36
0,1.3729261e-22
0,6.094224e-32
0,2.9925902e-20
0,1.8440363e-24
0,0.0
0,1.5105623e-25
0,4.1925448e-22
0,2.0741628e-29
0,3.42349e-28
1,0.9999367
0,7.377643e-24
0,3.5774066e-17
0,2.0659366e-27
0,0.0
0,2.394575e-25
0,4.3740334e-14
0,2.0468884e-36
0,5.7062927e-30
0,4.1614426e-29
0,4.699483e-27
0,2.210506e-28
0,0.0
0,3.7025837e-18
0,6.293334e-26
0,2.6357863e-14
0,2.499177e-24
0,0.0
0,1.0448045e-32
0,1.4367611e-17
0,1.6541806e-33
0,0.0
0,2.0038103e-20
0,3.6219818e-38
0,2.6700287e-24
0,7.590499e-15
0,5.5836036e-28
0,9.600485e-31
0,4.4486936e-31
0,1.2527087e-36
0,0.0
0,5.4096083e-27
0,2.4295362e-20
0,1.4398282e-32
0,7.308682e-38
0,1.1444912e-15
0,5.0297923e-16
0,3.3763244e-18
0,1.1627603e-19
0,3.2161274e-31
0,1.4614901e-28
0,4.2296675e-30
0,5.5334017e-25
0,3.2738927e-34
0,5.847706e-28
0,3.831144e-28
0,4.3174273e-34
0,0.0
0,4.3831912e-27
0,8.288149e-29
0,1.0413952e-23
0,0.0
0,8.709148e-25
1,0.99705076
0,2.2896592e-16
1,0.53151184
0,1.9736223e-30
0,4.008944e-28
0,1.7006944e-37
0,4.834788e-13
0,3.7176342e-30
0,4.9650626e-35
0,2.0960732e-24
0,1.6009079e-20
0,8.889849e-22
0,3.1288775e-38
0,2.7600564e-30
0,2.31727e-29
0,5.870674e-31
0,2.0357415e-32
0,2.2950475e-22
0,4.789205e-22
0,1.1193873e-15
0,7.5802194e-32
0,2.401321e-29
0,4.463439e-35
0,2.5923617e-35
0,4.4977826e-25
0,0.0
0,3.0235084e-24
0,7.43136e-26
0,1.9106775e-36
0,1.9375257e-29
0,0.0
0,7.2717876e-28
0,1.5018498e-20
0,6.706259e-31
0,2.7215066e-24
0,5.568738e-27
0,8.257359e-34
0,1.843856e-36
0,3.068657e-35
0,1.4417391e-12
0,4.6843972e-26
0,6.702546e-25
0,0.0
0,4.3960964e-22
0,1.4275705e-19
0,5.119586e-19
0,1.8712234e-34
0,2.0992047e-29
0,1.6657057e-25
0,2.1281762e-28
0,1.6529065e-33
0,3.0064206e-22
0,4.5916672e-36
0,3.9001204e-23
0,2.3286267e-17
0,6.3181553e-27
0,6.6131996e-32
0,1.7367096e-34
0,3.9581558e-30
0,8.1845096e-19
0,0.0
0,9.517808e-18
0,2.132314e-34
0,1.4650626e-28
0,8.178831e-26
0,0.0
0,3.1168306e-25
0,7.7685925e-26
0,2.7867318e-27
0,1.2615667e-35
0,5.9994314e-14
0,9.320648e-28
0,6.879128e-18
0,1.2030117e-18
0,3.4113695e-26
0,1.9736223e-30
0,0.0
0,0.0
0,5.119586e-19
0,9.493154e-25
0,0.0
0,1.1409522e-29
0,9.89571e-33
0,1.4091952e-35
0,7.657953e-28
0,1.8062799e-32
0,1.0016256e-24
0,9.482463e-13
0,1.341282e-28
0,0.0
0,5.8726e-31
0,2.2950475e-22
0,3.8484362e-09
0,1.1198135e-24
0,3.1183883e-10
0,1.7999414e-21
0,0.0
0,1.2074283e-28
0,6.2060544e-26
0,1.604737e-18
0,7.455464e-34
0,1.15508875e-36
0,2.9229448e-34
0,3.3049886e-18
0,1.729925e-27
0,3.5479335e-37
0,4.2629214e-38
0,3.5115945e-28
0,1.5465269e-16
0,2.8013252e-33
0,8.543149e-31
0,4.1886463e-21
0,8.257359e-34
0,0.0
0,9.01545e-31
0,0.0
0,5.413513e-26
0,1.0542131e-24
0,6.7555356e-30
0,9.761398e-21
0,7.736389e-18
0,3.860452e-30
0,0.0
0,1.1676571e-14
0,3.705683e-23
0,1.6002928e-33
0,8.372768e-23
1,0.0022238314
0,2.354798e-26
0,1.1649334e-23
0,1.7022096e-26
0,2.0905369e-19
0,8.218534e-30
0,6.0701133e-26
0,2.6279813e-32
0,0.0
0,2.0636433e-28
0,3.0214767e-33
0,2.8817902e-28
0,3.5637414e-34
0,2.2285839e-27
0,5.374358e-18
0,1.705564e-18
0,1.3420012e-24
0,2.971124e-36
0,4.809203e-27
0,4.3880466e-33
0,2.1354528e-22
0,1.9218324e-21
0,1.8251736e-26
0,7.310567e-26
0,6.57667e-32
0,2.9550218e-33
0,2.8364662e-33
0,1.487268e-25
0,1.9469123e-37
0,1.18502755e-29
0,1.626286e-35
0,8.208429e-34
0,9.316039e-33
0,1.12522154e-32
0,6.9933234e-26
0,0.0
0,9.054808e-24
0,1.1991661e-28
0,8.736161e-34
0,1.1973063e-27
0,4.6539517e-36
0,0.0
0,5.119586e-19
0,3.570646e-31
0,2.7083274e-28
0,2.5206212e-11
0,0.0
0,9.9902263e-26
0,6.9524916e-34
0,8.728048e-12
0,5.13447e-34
0,0.0
0,0.0
0,8.5778e-30
0,2.4056645e-31
0,1.287254e-35
0,1.1960753e-32
0,2.7139418e-14
0,0.0
0,2.6815807e-26
0,1.0994722e-36
0,5.48826e-20
0,2.8328412e-20
0,2.0446377e-24
0,0.0
0,4.2448152e-29
0,4.6993862e-15
0,3.2344804e-26
0,5.5512923e-31
0,2.2565419e-18
0,0.0
0,2.2611625e-24
0,1.2140419e-21
0,3.5452855e-35
0,1.0300614e-28
0,9.760285e-35
0,2.5490404e-33
0,3.8289576e-33
0,2.1242237e-15
0,2.620253e-25
0,1.4762276e-19
0,2.5023753e-22
0,1.363469e-22
0,2.325542e-28
0,3.442084e-21
0,1.5721666e-28
0,5.5188095e-19
0,3.2389492e-19
0,9.695611e-26
0,0.0
0,4.4467456e-37
0,4.5661186e-26
0,2.146642e-22
0,4.400882e-28
0,1.1186805e-12
0,1.8560988e-30
0,3.4419648e-29
0,0.0
0,9.760285e-35
0,1.1939697e-16
0,5.8346202e-30
0,0.0
0,2.3126342e-21
0,1.805782e-34
0,0.0
0,2.8519924e-18
0,9.31128e-25
0,9.830101e-24
0,7.505613e-31
0,9.909762e-33
1,0.9932342
0,3.217835e-30
0,6.312853e-20
0,0.0
0,6.64378e-29
0,2.5597799e-17
0,7.409174e-13
0,4.1940515e-13
0,6.9011927e-37
0,9.0443657e-20
0,1.3414546e-30
0,1.9736223e-30
0,1.1956799e-22
0,4.251769e-21
0,2.4646488e-24
0,2.456478e-35
0,1.9736223e-30
0,6.767562e-28
0,0.0
0,4.5276925e-29
0,1.17073935e-36
0,4.0817752e-23
0,2.3091727e-26
0,1.3399977e-29
0,6.6261187e-20
0,3.2473884e-33
0,1.805592e-16
0,6.0652204e-29
0,2.6614745e-18
0,1.6290751e-26
0,3.3083204e-32
0,3.635817e-35
0,1.6889252e-25
0,0.0
0,2.469128e-24
0,2.7752646e-19
0,8.350179e-32
0,4.497842e-29
0,3.943291e-25
0,4.2695276e-31
0,0.0
0,1.24283364e-26
0,7.287964e-13
0,9.4129106e-12
0,8.995847e-28
0,5.5730615e-31
0,1.8076327e-30
0,2.0240464e-27
0,0.0
0,3.9520134e-31
0,8.380942e-32
0,1.9700804e-29
0,4.7054554e-35
0,7.018913e-30
0,2.1073392e-15
0,9.0190843e-26
0,1.2159957e-32
0,5.119586e-19
0,2.421064e-18
0,3.0465448e-26
0,3.2738927e-34
0,5.5266016e-35
0,8.35065e-11
0,1.6931422e-27
0,0.0
0,2.6101404e-30
0,7.6107455e-28
0,1.5521196e-14
0,7.5229517e-32
0,1.3046828e-24
0,8.109634e-36
0,2.1475009e-23
0,3.5302315e-31
0,1.5514843e-24
0,1.192993e-20
0,7.47909e-31
0,1.4654572e-31
0,8.16838e-20
0,1.19743295e-29
0,0.0
0,8.361955e-36
0,4.7338708e-33
0,6.289395e-27
0,1.2948381e-28
0,1.4416136e-33
0,1.096918e-34
0,4.0569037e-32
0,9.875318e-16
0,1.2041455e-11
0,1.935574e-38
0,8.097594e-32
0,6.702679e-31
0,1.2263304e-28
0,5.074801e-21
0,1.9172928e-13
0,3.4792795e-17
0,3.2344804e-26
0,5.72948e-22
0,2.5456887e-25
0,2.1622743e-29
0,5.623794e-27
0,8.241103e-31
0,5.9052933e-21
0,7.642694e-27
0,0.0
0,0.0
0,7.981009e-37
0,8.2761435e-29
0,4.669711e-27
0,7.689442e-30
0,6.504166e-25
0,3.2787134e-36
0,2.588384e-24
0,2.5255952e-35
0,0.0
0,7.836891e-29
0,3.9062294e-07
0,1.9173416e-23
0,4.6334937e-35
0,7.1133554e-32
0,6.241589e-36
0,2.852964e-31
0,0.0
0,2.2519413e-18
0,2.2932681e-32
0,5.286358e-32
0,5.5238293e-24
0,1.8046848e-14
0,1.2260432e-31
0,4.461099e-31
0,8.257359e-34
0,2.0817686e-06
0,5.2541147e-23
0,2.6664003e-35
0,2.061899e-18
0,8.324197e-24
0,9.760285e-35
0,1.9731787e-22
0,3.2476468e-34
0,9.258676e-34
0,2.7555568e-28
0,4.1303734e-33
0,0.0
0,9.760285e-35
0,1.2380667e-14
0,1.1531701e-27
0,4.0332212e-38
0,9.039877e-21
0,1.9736223e-30
0,1.1296574e-29
0,3.5414862e-28
0,2.1054283e-36
0,1.6745754e-31
0,1.2705909e-24
0,0.0
0,5.4726778e-30
0,4.494437e-33
0,0.0
0,2.0085362e-31
0,2.2958796e-37
0,2.040338e-23
0,4.1515677e-35
0,0.0
0,3.0366006e-34
0,3.3461263e-12
0,1.9386578e-28
0,6.2692277e-34
0,0.0
0,4.870701e-35
0,5.729801e-17
0,1.3365014e-28
0,5.5042394e-34
0,6.408414e-24
0,2.8035733e-31
0,9.3380265e-33
0,0.0
0,1.3572555e-32
0,4.6818963e-26
0,4.2182324e-20
0,1.2591857e-22
0,8.9268243e-29
0,1.06986136e-35
0,9.4874224e-20
0,3.7087563e-28
0,7.98466e-30
0,4.228946e-28
0,0.0
0,4.6463887e-31
0,8.591666e-27
0,3.7463181e-31
0,0.0
0,4.2822755e-12
0,1.920919e-33
0,5.7130824e-32
0,1.8553687e-31
0,1.2410107e-32
0,1.0498244e-21
0,1.8893089e-38
0,0.0
0,4.3839062e-29
0,4.3576257e-38
0,2.2832043e-24
0,9.333953e-21
0,5.956488e-15
0,0.0
0,8.3700206e-23
0,7.833765e-11
0,5.119586e-19
0,4.835343e-27
0,1.668915e-28
0,1.9817827e-25
0,2.3234819e-38
0,1.4626714e-22
0,2.5712918e-15
0,1.14527204e-07
0,1.0009195e-23
0,0.0
0,9.851103e-28
0,7.568098e-21
0,8.958522e-35
0,2.4704437e-19
0,5.93592e-28
0,1.0786108e-34
0,1.961999e-18
0,8.94798e-25
0,1.9187659e-33
0,4.285257e-31
0,1.4612208e-23
0,0.0
0,3.020242e-34
0,1.551766e-27
0,2.7329038e-35
0,1.0081979e-28
0,4.3994192e-29
0,1.4027553e-18
0,2.2958796e-37
0,4.106466e-31
0,1.2753138e-27
0,1.7837463e-31
0,3.0998556e-22
0,3.2634312e-19
0,0.0
0,0.0
0,4.959627e-36
0,4.5737297e-29
0,4.7202023e-33
0,1.8578498e-36
0,3.5536901e-22
0,4.5508033e-24
0,1.05175215e-29
0,1.5144556e-19
0,7.607053e-37
0,0.0
0,8.506406e-15
0,3.0677643e-37
0,2.0934699e-30
0,3.6902514e-30
0,4.1490916e-23
0,7.499939e-18
0,6.5754524e-36
0,2.9645474e-28
0,1.3729835e-30
0,1.7984181e-28
0,3.395586e-31
0,4.1570687e-34
0,2.9872894e-18
0,8.717871e-22
0,5.3942056e-23
0,1.8709275e-30
0,1.727853e-36
0,2.4489954e-33
0,2.1194069e-16
0,6.84318e-29
0,0.0
0,0.0
0,2.2906718e-24
0,1.0682926e-25
0,2.2507705e-28
0,1.12984525e-17
0,2.6353364e-27
0,2.0357415e-32
0,3.0055965e-21
0,7.037003e-17
0,2.5195219e-36
0,0.0
0,9.587656e-35
0,9.247418e-26
0,1.1346217e-33
0,1.8720773e-11
0,2.94768e-26
0,3.3193108e-29
0,0.0
0,7.6543485e-31
0,1.9986207e-26
0,2.3925609e-22
0,1.8050226e-36
0,1.3711204e-37
0,2.404802e-31
0,1.5494782e-25
0,4.0069873e-28
0,1.0520927e-30
0,5.4396495e-29
0,4.7623892e-14
0,8.2995136e-35
0,3.0721902e-30
0,8.630138e-33
0,6.112994e-16
0,9.357597e-27
0,1.0663997e-09
0,1.3352694e-26
0,1.7357767e-33
0,4.5893403e-35
0,4.2729308e-32
0,7.6410866e-28
0,3.932464e-38
0,5.8462635e-33
0,3.0930273e-30
0,1.4715086e-29
0,5.3254337e-35
0,7.6376905e-32
0,2.6287294e-35
0,1.8880323e-32
0,2.4474357e-18
0,2.1407609e-16
0,2.7567777e-12
0,1.0667696e-25
0,1.89129e-25
0,7.747001e-38
0,5.682635e-38
0,4.297286e-25
0,1.1307094e-14
0,1.03892004e-29
0,5.3003205e-36
0,2.65698e-26
0,5.7093407e-30
0,4.142343e-36
0,2.0431059e-35
0,3.5668196e-24
0,1.2384853e-32
0,1.158614e-30
0,9.813887e-37
0,1.4773394e-24
0,2.1239583e-21
0,9.760285e-35
0,7.351189e-29
0,1.1769082e-31
0,5.354808e-13
0,1.2818094e-36
0,2.151976e-18
0,0.0
0,9.03537e-34
0,2.4999613e-37
0,2.0358768e-29
0,4.959627e-36
0,1.9176873e-36
0,3.6856702e-27
0,1.5970375e-24
0,5.7402216e-37
0,7.038349e-08
0,2.4427174e-32
0,3.5623234e-29
0,0.0
0,3.2827067e-28
0,6.669152e-20
0,1.7345552e-37
0,5.483413e-32
0,2.4700197e-19
0,2.3923734e-26
0,7.6452344e-26
0,7.3418903e-20
0,1.1982451e-31
0,7.173892e-21
0,2.1074512e-23
1,0.6451654
0,9.1146624e-23
0,0.0
0,4.6753554e-37
0,8.913923e-30
0,1.8010155e-33
0,0.0
0,8.6382574e-29
0,1.0305974e-25
0,2.5207056e-35
0,8.7600256e-33
0,4.239299e-28
0,8.859829e-20
0,1.1030195e-18
0,5.8080865e-29
0,3.800204e-33
0,0.0
0,2.5375727e-33
0,3.536724e-26
0,1.7430397e-36
0,1.9736223e-30
0,0.0
0,0.0
0,6.6775373e-32
0,5.0100167e-29
0,2.2148592e-15
0,1.2398031e-26
0,7.9424205e-26
0,9.777628e-17
0,2.1071293e-16
0,2.8292326e-36
0,1.8699291e-37
0,7.509959e-33
0,1.5170531e-25
0,2.8553554e-26
0,2.374888e-26
0,1.2715894e-17
0,1.2464846e-34
0,1.9430133e-26
0,3.1897015e-30
0,7.599083e-28
0,0.0
0,5.136279e-24
0,8.45888e-28
0,3.1396797e-27
0,5.8609626e-31
0,7.703167e-34
0,1.0020913e-25
0,1.1872356e-29
0,6.0298516e-30
0,8.067001e-34
0,5.204588e-10
0,0.0
0,0.0
0,6.6645165e-22
0,1.2439352e-24
0,5.8827404e-29
0,2.6791069e-18
0,2.0792216e-32
0,1.8828043e-31
0,9.940258e-37
0,4.483903e-34
0,7.121655e-12
0,2.6240992e-21
0,2.5597836e-29
0,1.3108719e-12
0,9.668137e-25
0,0.0
0,1.5264926e-32
0,4.1030565e-29
1,0.705435
0,0.0
0,0.0
0,1.3286023e-35
0,1.1067031e-18
0,1.2741585e-24
0,3.1880753e-35
0,2.308183e-29
0,2.3469964e-33
0,2.024638e-30
0,0.0
0,1.6717911e-25
0,6.48876e-30
0,1.3644548e-26
0,6.3538782e-27
0,0.0
0,1.4995527e-37
0,9.226732e-34
0,2.6281206e-14
0,1.4132446e-26
0,4.5092598e-32
0,4.7534344e-32
0,4.1667767e-38
0,2.832524e-30
0,2.221077e-31
0,4.9495493e-30
0,3.1079648e-38
0,3.1115392e-28
0,0.066011876
0,2.4105853e-11
0,2.0486412e-18
0,2.580173e-31
0,2.7136816e-30
0,4.3355568e-23
0,1.07572215e-19
0,1.2048741e-29
0,1.513452e-25
0,4.8818027e-29
0,2.160581e-32
0,0.0
0,5.361453e-27
0,3.4783458e-27
0,0.0
0,0.0
0,7.182786e-30
0,2.6019777e-23
0,3.747211e-20
0,2.380238e-27
0,1.0761307e-30
0,0.0
0,1.6658395e-32
0,3.648977e-34
0,3.1655576e-21
0,1.8846014e-38
0,6.967505e-38
0,3.9989906e-33
0,4.546043e-34
0,1.2333231e-24
0,4.3297455e-35
0,1.1753622e-13
0,2.5599817e-27
0,1.2379105e-37
0,6.339166e-17
0,5.7138783e-28
0,1.0945446e-25
0,4.666278e-33
0,5.969724e-31
0,2.3626932e-30
0,1.2006723e-20
0,1.9421521e-35
0,1.2849658e-23
0,1.3677636e-34
0,2.0521485e-30
0,1.6679268e-30
0,2.560566e-36
0,1.3940448e-17
0,2.0519856e-36
0,1.500084e-38
0,1.0154669e-26
0,3.235215e-37
0,7.8756893e-32
0,0.0
0,8.0918075e-35
0,0.0
0,2.5318427e-30
0,0.0
0,1.5620485e-32
0,2.4908325e-22
0,1.3893165e-37
0,2.577661e-26
0,0.0
0,2.4527676e-37
0,2.0357752e-37
0,4.8491198e-21
0,0.0014974631
0,0.0
0,2.1314887e-30
0,6.886757e-29
0,1.1409033e-23
0,9.760285e-35
0,5.878698e-08
0,6.166287e-20
0,5.2427496e-28
0,5.7930754e-17
0,5.909449e-33
0,6.522272e-27
0,4.185506e-33
0,1.5511031e-27
0,3.3192415e-25
0,3.1981222e-29
0,2.2507489e-32
0,5.569747e-38
0,4.9980887e-28
0,2.849953e-22
0,1.9057726e-27
0,2.1603138e-20
0,4.262052e-34
0,1.1012235e-12
0,3.3822748e-36
0,2.2190342e-25
0,2.7120444e-24
0,5.3906124e-28
0,2.6481652e-27
0,6.1550993e-28
0,1.9634541e-23
0,4.3036927e-21
0,1.5278654e-12
0,2.8824132e-38
0,0.0
0,1.1315326e-23
0,0.0
0,1.4612208e-23
0,0.0
0,3.1222482e-38
0,5.1529183e-25
0,1.550702e-33
0,3.0113043e-26
0,2.8370153e-20
0,1.3657507e-27
0,1.0244902e-33
0,1.9719449e-29
0,2.7752053e-31
0,3.0074637e-30
0,0.0
0,2.2245439e-32
0,4.4205452e-23
0,8.088038e-21
0,6.46896e-31
0,7.7365443e-31
0,2.4863803e-22
0,6.5453986e-28
0,0.0
0,1.8510079e-30
0,8.403789e-27
0,4.2513393e-32
0,8.8666065e-24
0,9.44731e-25
0,4.0063096e-23
0,2.261684e-28
0,2.2051047e-38
0,3.6088157e-28
0,4.581789e-25
0,2.1919517e-33
0,1.0404827e-14
0,0.0
0,1.08615716e-29
0,5.948517e-23
0,0.0
0,5.2281553e-26
0,4.6800343e-28
0,5.612648e-35
0,2.5968663e-34
0,8.4205186e-17
0,0.0
0,2.4635908e-28
0,1.2697007e-22
0,4.1303247e-26
1,0.9999608
0,1.677249e-22
0,0.0
0,0.0
0,6.1308854e-30
0,4.3383658e-32
0,5.129212e-31
0,4.2906986e-26
0,1.5482698e-29
0,2.1195323e-27
0,3.1544642e-23
0,9.137374e-35
0,2.2203483e-31
0,0.0
0,4.5699983e-36
0,3.81009e-25
0,2.0253246e-31
0,7.5120024e-23
0,9.6506986e-27
0,8.405207e-25
0,1.1394449e-33
0,5.316161e-19
0,1.3176796e-13
0,6.292318e-36
0,9.029509e-20
0,2.860163e-26
0,0.0
0,1.5034174e-24
0,8.8944645e-29
0,2.353807e-21
0,3.7141838e-33
0,3.811857e-21
0,1.723115e-27
0,5.9563944e-31
0,1.0878407e-29
0,2.5535257e-34
0,2.2310638e-38
0,2.5490404e-33
0,6.7566438e-15
0,1.6981272e-37
0,2.5184204e-11
0,5.193424e-28
0,1.2882954e-20
0,3.9444653e-32
0,7.185585e-14
0,0.0
0,3.1392095e-29
0,6.83124e-20
0,6.129208e-28
0,1.06091055e-23
0,1.0580469e-27
0,1.8526708e-27
0,3.1955742e-21
0,1.1314842e-17
0,1.1891861e-34
0,4.4510787e-27
0,1.853166e-34
0,1.4086342e-23
0,1.6382834e-29
0,5.2537435e-27
0,3.063033e-34
0,2.950384e-31
0,1.7940246e-22
0,6.0207486e-23
0,7.1187e-33
0,2.95739e-33
0,1.1730267e-16
0,2.692869e-17
0,1.0089621e-31
0,2.113475e-14
0,2.1790415e-37
0,6.8778816e-22
0,2.50752e-34
1,4.4646866e-05
0,1.8599984e-21
0,8.6382574e-29
0,7.7381135e-15
0,1.3916202e-12
0,5.533694e-26
0,2.5614979e-33
0,4.6270153e-26
0,7.807527e-22
0,5.795963e-27
0,3.492966e-38
0,1.3348434e-31
0,4.88356e-34
0,0.0
0,1.0430396e-26
0,1.1985206e-29
0,8.402642e-14
0,2.357793e-32
0,6.709637e-31
0,1.4757491e-34
1,1.3189765e-10
0,2.016465e-25
0,6.146367e-29
0,7.665836e-30
0,1.5494921e-30
0,2.2151921e-27
0,2.7719727e-20
0,1.8495643e-34
0,2.8910044e-29
0,7.368055e-16
0,4.2847035e-15
0,3.337183e-24
0,7.52055e-15
0,7.920382e-29
0,1.5348876e-34
0,6.8055074e-30
0,1.3327751e-06
0,3.9440773e-23
0,2.6054362e-29
0,1.9176873e-36
0,0.0
0,8.848192e-24
0,4.9965357e-24
0,3.160273e-21
0,6.9776547e-26
0,6.1157817e-27
0,9.760285e-35
0,9.872522e-25
0,0.0
0,8.257836e-33
0,0.0
0,1.8268365e-28
0,2.0283817e-28
0,8.954226e-33
0,0.0
0,2.7586915e-35
0,5.9366137e-31
0,2.0438614e-28
0,6.1175066e-20
0,5.6961523e-32
0,0.0
0,1.3058519e-33
0,8.5457565e-31
0,5.1299606e-29
0,4.4340435e-21
0,3.8041635e-18
0,2.2615886e-36
0,6.026974e-31
0,1.9354469e-32
0,4.7430063e-15
0,3.0783105e-32
0,3.2275225e-15
0,2.309376e-33
0,1.4924947e-20
0,1.3748487e-12
0,1.3801492e-33
0,4.3089556e-33
0,0.0
0,7.700327e-24
0,1.3440964e-32
0,3.947768e-29
0,5.0069685e-18
0,9.2918545e-36
0,8.648431e-25
0,1.346234e-35
0,1.7595669e-29
0,4.839106e-35
0,3.4802128e-37
0,1.3565074e-36
0,0.0
0,1.09230973e-16
0,2.430933e-30
0,1.890771e-32
0,0.0
0,2.5515194e-27
0,1.0542911e-36
0,1.2560529e-37
0,1.4186876e-21
0,2.1039019e-22
0,2.5267984e-36
0,1.0223084e-32
0,8.1873674e-30
0,1.4626409e-33
0,2.0812558e-37
0,1.5234306e-27
0,3.7653852e-25
0,1.0859546e-28
0,2.286046e-31
0,1.9932827e-08
0,2.5449766e-35
0,3.3568176e-25
0,7.8257753e-22
0,8.758604e-37
0,1.8887314e-09
0,2.5647934e-25
0,5.119586e-19
0,0.0
0,3.613817e-20
0,0.0
0,9.5895746e-24
0,2.0008298e-29
0,3.873626e-22
0,0.0
0,4.7283395e-14
0,1.110441e-34
0,2.4923703e-31
0,1.1938911e-33
0,4.075696e-36
0,1.1227524e-16
0,4.327381e-29
0,9.338863e-37
0,1.4712635e-19
0,5.6528404e-31
0,1.1302741e-21
0,9.152498e-16
0,1.0366451e-19
0,7.622747e-35
0,3.249219e-35
0,1.7319966e-29
0,5.346443e-19
0,0.0
0,7.3141637e-34
0,9.411522e-32
0,4.082092e-28
0,2.8013252e-33
0,8.048372e-27
0,2.348334e-23
0,2.1618285e-22
0,1.8187842e-21
0,0.0
0,8.013547e-10
0,2.261684e-28
0,2.2276637e-29
0,3.4568418e-32
0,0.0
0,4.5473745e-21
0,6.410774e-35
0,4.019654e-25
0,4.730276e-34
0,4.4920362e-26
0,6.45954e-31
0,0.0
0,1.4683768e-33
0,4.3819864e-35
0,5.784554e-31
0,1.0291172e-16
0,8.392568e-29
0,6.2576012e-31
0,1.4765206e-19
0,1.124217e-18
0,0.0
0,2.4709703e-35
1,0.99861383
0,3.8931092e-28
0,5.0816088e-33
0,4.5670164e-22
0,1.7092875e-28
0,1.2517858e-30
0,1.1263945e-31
0,2.7969315e-29
0,3.7675556e-17
0,3.8518855e-25
0,5.2428093e-28
0,2.3072367e-25
0,1.4025469e-05
0,1.8163139e-23
0,6.461694e-28
0,1.734197e-23
0,1.9349106e-22
0,7.650003e-30
0,1.611233e-33
